Publisher,PublicationType,PublicationTypeFHNW,Version,EmbargoAmount,EmbargoUnit,License,URL,Comments,Last Check
Association for Computing Machinery,Konferenz: Paper,04B - Beitrag Konferenzschrift,Accepted,0,Months,,https://www.acm.org/publications/openaccess#green,"Read&Publish Agreement: alle Beiträge mit Corresponding author von der ZHAW, die zwischen 01.06.2022-31.12.2025 akzeptiert/publiziert wurden/werden, können mit der VoR unter CC BY 4.0 zweitveröffentlicht werden.​ Prüfung auf Corresponding Author kann über ACM Dashboard erfolgen. Angabe des DOIs zur ""published Version"" in der ACM Digital Library​.",02.08.2024
Association for Computing Machinery (ACM),Konferenz: Paper,04B - Beitrag Konferenzschrift,Accepted,0,Months,,https://www.acm.org/publications/openaccess#green,"Read&Publish Agreement: alle Beiträge mit Corresponding author von der ZHAW, die zwischen 01.06.2022-31.12.2025 akzeptiert/publiziert wurden/werden, können mit der VoR unter CC BY 4.0 zweitveröffentlicht werden.​ Prüfung auf Corresponding Author kann über ACM Dashboard erfolgen. Angabe des DOIs zur ""published Version"" in der ACM Digital Library​.",02.08.2024
ACM Press,Konferenz: Paper,04B - Beitrag Konferenzschrift,Accepted,0,Months,,https://www.acm.org/publications/openaccess#green,"Read&Publish Agreement: alle Beiträge mit Corresponding author von der ZHAW, die zwischen 01.06.2022-31.12.2025 akzeptiert/publiziert wurden/werden, können mit der VoR unter CC BY 4.0 zweitveröffentlicht werden.​ Prüfung auf Corresponding Author kann über ACM Dashboard erfolgen. Angabe des DOIs zur ""published Version"" in der ACM Digital Library​.",02.08.2024
ACM,Konferenz: Paper,04B - Beitrag Konferenzschrift,Accepted,0,Months,,https://www.acm.org/publications/openaccess#green,"Read&Publish Agreement: alle Beiträge mit Corresponding author von der ZHAW, die zwischen 01.06.2022-31.12.2025 akzeptiert/publiziert wurden/werden, können mit der VoR unter CC BY 4.0 zweitveröffentlicht werden.​ Prüfung auf Corresponding Author kann über ACM Dashboard erfolgen. Angabe des DOIs zur ""published Version"" in der ACM Digital Library​.",02.08.2024
AIP Publishing,Buchbeitrag,04A - Beitrag Sammelband,Accepted,24,Months,,https://publishing.aip.org/resources/researchers/rights-and-permissions/sharing-content-online/,Credit line: This content may be downloaded for personal use only. Any other use requires prior permission of the author and the publisher. This material originally appeared in (citation of published book) and may be found at (URL/link for published book/chapter online).,02.08.2024
AIP Publishing LLC,Buchbeitrag,04A - Beitrag Sammelband,Accepted,24,Months,,https://publishing.aip.org/resources/researchers/rights-and-permissions/sharing-content-online/,Credit line: This content may be downloaded for personal use only. Any other use requires prior permission of the author and the publisher. This material originally appeared in (citation of published book) and may be found at (URL/link for published book/chapter online).,02.08.2024
AIP,Buchbeitrag,04A - Beitrag Sammelband,Accepted,24,Months,,https://publishing.aip.org/resources/researchers/rights-and-permissions/sharing-content-online/,Credit line: This content may be downloaded for personal use only. Any other use requires prior permission of the author and the publisher. This material originally appeared in (citation of published book) and may be found at (URL/link for published book/chapter online).,02.08.2024
American Society of Civil Engineers,Konferenz: Paper,04B - Beitrag Konferenzschrift,Accepted,0,Months,,https://ascelibrary.org/author-center/rights-permissions#authors-material,Credit line: This material may be downloaded for personal use only. Any other use requires prior permission of the American Society of Civil Engineers. This material may be found at [URL/link of abstract in the ASCE Library or Civil Engineering Database].,02.08.2024
American Society of Civil Engineers (ASCE),Konferenz: Paper,04B - Beitrag Konferenzschrift,Accepted,0,Months,,https://ascelibrary.org/author-center/rights-permissions#authors-material,Credit line: This material may be downloaded for personal use only. Any other use requires prior permission of the American Society of Civil Engineers. This material may be found at [URL/link of abstract in the ASCE Library or Civil Engineering Database].,02.08.2024
Bristol University Press,Buch,02 - Monographie,Accepted,36,Months,,https://bristoluniversitypress.co.uk/self-archiving,"Editors can supply the correct document version. This policy does not apply to textbooks, handbooks, edited collections, critical editions or reference works.",02.08.2024
Bristol University Press eBooks,Buch,02 - Monographie,Accepted,36,Months,,https://bristoluniversitypress.co.uk/self-archiving,"Editors can supply the correct document version. This policy does not apply to textbooks, handbooks, edited collections, critical editions or reference works.",18.06.2025
Bristol University Press,Buchbeitrag,04A - Beitrag Sammelband,Accepted,12,Months,,https://bristoluniversitypress.co.uk/self-archiving,"Credit line: This is a post-peer-review, pre-copy edited version of a chapter published in  [insert name of Bristol University Press/Policy Press book here]. The definitive publisher-authenticated version [insert complete citation information here] is available online at: [insert DOI link here].",02.08.2024
Bristol University Press eBooks,Buchbeitrag,04A - Beitrag Sammelband,Accepted,12,Months,,https://bristoluniversitypress.co.uk/self-archiving,"Credit line: This is a post-peer-review, pre-copy edited version of a chapter published in  [insert name of Bristol University Press/Policy Press book here]. The definitive publisher-authenticated version [insert complete citation information here] is available online at: [insert DOI link here].",18.06.2025
Policy Press,Buch,02 - Monographie,Accepted,36,Months,,https://bristoluniversitypress.co.uk/self-archiving,"Editors can supply the correct document version. This policy does not apply to textbooks, handbooks, edited collections, critical editions or reference works.",02.08.2024
Policy Press eBooks,Buch,02 - Monographie,Accepted,36,Months,,https://bristoluniversitypress.co.uk/self-archiving,"Editors can supply the correct document version. This policy does not apply to textbooks, handbooks, edited collections, critical editions or reference works.",18.06.2025
Policy Press,Buchbeitrag,04A - Beitrag Sammelband,Accepted,12,Months,,https://bristoluniversitypress.co.uk/self-archiving,"Credit line: This is a post-peer-review, pre-copy edited version of a chapter published in  [insert name of Bristol University Press/Policy Press book here]. The definitive publisher-authenticated version [insert complete citation information here] is available online at: [insert DOI link here].",02.08.2024
Policy Press eBooks,Buchbeitrag,04A - Beitrag Sammelband,Accepted,12,Months,,https://bristoluniversitypress.co.uk/self-archiving,"Credit line: This is a post-peer-review, pre-copy edited version of a chapter published in  [insert name of Bristol University Press/Policy Press book here]. The definitive publisher-authenticated version [insert complete citation information here] is available online at: [insert DOI link here].",18.06.2025
Brill,Buchbeitrag,04A - Beitrag Sammelband,Accepted,0,Months,,https://brill.com/page/selfarchiving/sharing-your-work-selfarchiving,,02.08.2024
Brill Academic Publishers eBooks,Buchbeitrag,04A - Beitrag Sammelband,Accepted,0,Months,,https://brill.com/page/selfarchiving/sharing-your-work-selfarchiving,,18.06.2025
BRILL eBooks,Buchbeitrag,04A - Beitrag Sammelband,Accepted,0,Months,,https://brill.com/page/selfarchiving/sharing-your-work-selfarchiving,,18.06.2025
Brill | Nijhoff,Buchbeitrag,04A - Beitrag Sammelband,Accepted,0,Months,,https://brill.com/page/selfarchiving/sharing-your-work-selfarchiving,,02.08.2024
Brill | Nijhoff eBooks,Buchbeitrag,04A - Beitrag Sammelband,Accepted,0,Months,,https://brill.com/page/selfarchiving/sharing-your-work-selfarchiving,,18.06.2025
Brill | Fink,Buchbeitrag,04A - Beitrag Sammelband,Accepted,0,Months,,https://brill.com/page/selfarchiving/sharing-your-work-selfarchiving,,02.08.2024
Brill | Fink eBooks,Buchbeitrag,04A - Beitrag Sammelband,Accepted,0,Months,,https://brill.com/page/selfarchiving/sharing-your-work-selfarchiving,,18.06.2025
Brill | Schöningh,Buchbeitrag,04A - Beitrag Sammelband,Accepted,0,Months,,https://brill.com/page/selfarchiving/sharing-your-work-selfarchiving,,02.08.2024
Brill | Schöningh eBooks,Buchbeitrag,04A - Beitrag Sammelband,Accepted,0,Months,,https://brill.com/page/selfarchiving/sharing-your-work-selfarchiving,,18.06.2025
Brill | Wageningen Academic,Buchbeitrag,04A - Beitrag Sammelband,Accepted,0,Months,,https://brill.com/page/selfarchiving/sharing-your-work-selfarchiving,,02.08.2024
Brill Osterreich GmbH,Buchbeitrag,04A - Beitrag Sammelband,Accepted,0,Months,,https://brill.com/page/selfarchiving/sharing-your-work-selfarchiving,,02.08.2024
Brill | mentis,Buchbeitrag,04A - Beitrag Sammelband,Accepted,0,Months,,https://brill.com/page/selfarchiving/sharing-your-work-selfarchiving,,02.08.2024
Brill | mentis eBooks,Buchbeitrag,04A - Beitrag Sammelband,Accepted,0,Months,,https://brill.com/page/selfarchiving/sharing-your-work-selfarchiving,,18.06.2025
E.J. Brill eBooks,Buchbeitrag,04A - Beitrag Sammelband,Accepted,0,Months,,https://brill.com/page/selfarchiving/sharing-your-work-selfarchiving,,18.06.2025
Brill | Sense eBooks,Buchbeitrag,04A - Beitrag Sammelband,Accepted,0,Months,,https://brill.com/page/selfarchiving/sharing-your-work-selfarchiving,,18.06.2025
Vandenhoeck & Ruprecht,Buchbeitrag,04A - Beitrag Sammelband,Accepted,0,Months,,https://www.vr-elibrary.de/self-archiving,,02.08.2024
Vandenhoeck & Ruprecht eBooks,Buchbeitrag,04A - Beitrag Sammelband,Accepted,0,Months,,https://www.vr-elibrary.de/self-archiving,,18.06.2025
Böhlau,Buchbeitrag,04A - Beitrag Sammelband,Accepted,0,Months,,https://www.vr-elibrary.de/self-archiving,,02.08.2024
Böhlau eBooks,Buchbeitrag,04A - Beitrag Sammelband,Accepted,0,Months,,https://www.vr-elibrary.de/self-archiving,,18.06.2025
Böhlau Verlag,Buchbeitrag,04A - Beitrag Sammelband,Accepted,0,Months,,https://www.vr-elibrary.de/self-archiving,,02.08.2024
Boehlau Verlag Ges.m.b.H. & Co. KG,Buchbeitrag,04A - Beitrag Sammelband,Accepted,0,Months,,https://www.vr-elibrary.de/self-archiving,,02.08.2024
IEEE,Konferenz: Paper,04B - Beitrag Konferenzschrift,Accepted,0,Months,,https://www.ieee.org/publications/rights/author-posting-policy.html,Copyright statement and DOI of VoR,02.08.2024
Institute of Electrical and Electronics Engineers (IEEE),Konferenz: Paper,04B - Beitrag Konferenzschrift,Accepted,0,Months,,https://www.ieee.org/publications/rights/author-posting-policy.html,Copyright statement and DOI of VoR,02.08.2024
IEEE Comput. Soc,Konferenz: Paper,04B - Beitrag Konferenzschrift,Accepted,0,Months,,https://www.ieee.org/publications/rights/author-posting-policy.html,Copyright statement and DOI of VoR,02.08.2024
IEEE Comput. Soc. Press,Konferenz: Paper,04B - Beitrag Konferenzschrift,Accepted,0,Months,,https://www.ieee.org/publications/rights/author-posting-policy.html,Copyright statement and DOI of VoR,02.08.2024
IGI Global,Buchbeitrag,04A - Beitrag Sammelband,Published,0,Months,,https://www.igi-global.com/about/rights-permissions/content-reuse/,,02.08.2024
IGI Global eBooks,Buchbeitrag,04A - Beitrag Sammelband,Published,0,Months,,https://www.igi-global.com/about/rights-permissions/content-reuse/,,18.06.2025
IOS Press,Buchbeitrag,04A - Beitrag Sammelband,Accepted,24,Months,,https://www.iospress.com/article-sharing-policy,,02.08.2024
IOS Press eBooks,Buchbeitrag,04A - Beitrag Sammelband,Accepted,24,Months,,https://www.iospress.com/article-sharing-policy,,18.06.2025
Sage,Buchbeitrag,04A - Beitrag Sammelband,Accepted,24,Months,,https://us.sagepub.com/en-us/nam/book-content-oa-archiving-policy,,02.08.2024
Sage eBooks,Buchbeitrag,04A - Beitrag Sammelband,Accepted,24,Months,,https://us.sagepub.com/en-us/nam/book-content-oa-archiving-policy,,18.06.2025
SAGE Open,Buchbeitrag,04A - Beitrag Sammelband,Accepted,24,Months,,https://us.sagepub.com/en-us/nam/book-content-oa-archiving-policy,,18.06.2025
SAGE Publications,Buchbeitrag,04A - Beitrag Sammelband,Accepted,24,Months,,https://us.sagepub.com/en-us/nam/book-content-oa-archiving-policy,,02.08.2024
SAGE Publications eBooks,Buchbeitrag,04A - Beitrag Sammelband,Accepted,24,Months,,https://us.sagepub.com/en-us/nam/book-content-oa-archiving-policy,,18.06.2025
"SAGE Publications, Inc.",Buchbeitrag,04A - Beitrag Sammelband,Accepted,24,Months,,https://us.sagepub.com/en-us/nam/book-content-oa-archiving-policy,,02.08.2024
"SAGE Publications, Inc. eBooks",Buchbeitrag,04A - Beitrag Sammelband,Accepted,24,Months,,https://us.sagepub.com/en-us/nam/book-content-oa-archiving-policy,,18.06.2025
SAGE Publications Ltd,Buchbeitrag,04A - Beitrag Sammelband,Accepted,24,Months,,https://us.sagepub.com/en-us/nam/book-content-oa-archiving-policy,,02.08.2024
SAGE Publications Ltd eBooks,Buchbeitrag,04A - Beitrag Sammelband,Accepted,24,Months,,https://us.sagepub.com/en-us/nam/book-content-oa-archiving-policy,,18.06.2025
"SAGE Publications, Ltd.",Buchbeitrag,04A - Beitrag Sammelband,Accepted,24,Months,,https://us.sagepub.com/en-us/nam/book-content-oa-archiving-policy,,02.08.2024
SAGE Publishing eBooks,Buchbeitrag,04A - Beitrag Sammelband,Accepted,24,Months,,https://us.sagepub.com/en-us/nam/book-content-oa-archiving-policy,,18.06.2025
John Benjamins,Buchbeitrag,04A - Beitrag Sammelband,Accepted,0,Months,,https://benjamins.com/content/authors/rightspolicy,"This manuscript version should include a statement that it is under copyright, and be accompanied by a reference to the published Version of Record, providing information on the book volume in which it appeared, including the DOI and a link to the Version of Record on the publisher’s platform.",02.08.2024
John Benjamins Publishing Company,Buchbeitrag,04A - Beitrag Sammelband,Accepted,0,Months,,https://benjamins.com/content/authors/rightspolicy,"This manuscript version should include a statement that it is under copyright, and be accompanied by a reference to the published Version of Record, providing information on the book volume in which it appeared, including the DOI and a link to the Version of Record on the publisher’s platform.",02.08.2024
John Benjamins Publishing Company eBooks,Buchbeitrag,04A - Beitrag Sammelband,Accepted,0,Months,,https://benjamins.com/content/authors/rightspolicy,"This manuscript version should include a statement that it is under copyright, and be accompanied by a reference to the published Version of Record, providing information on the book volume in which it appeared, including the DOI and a link to the Version of Record on the publisher’s platform.",18.06.2025
Optica,Konferenz: Paper,04B - Beitrag Konferenzschrift,Accepted,12,Months,,https://opg.optica.org/content/author/portal/item/review-copyright-permissions/#posting,"Credit line: © XXXX [year] Optica Publishing Group. One print or electronic copy may be made for personal use only. Systematic reproduction and distribution, duplication of any material in this paper for a fee or for commercial purposes, or modifications of the content of this paper are prohibited.",18.06.2025
Optica Publishing Group,Konferenz: Paper,04B - Beitrag Konferenzschrift,Accepted,12,Months,,https://opg.optica.org/content/author/portal/item/review-copyright-permissions/#posting,"Credit line: © XXXX [year] Optica Publishing Group. One print or electronic copy may be made for personal use only. Systematic reproduction and distribution, duplication of any material in this paper for a fee or for commercial purposes, or modifications of the content of this paper are prohibited.",02.08.2024
The Optical Society,Konferenz: Paper,04B - Beitrag Konferenzschrift,Accepted,12,Months,,https://opg.optica.org/content/author/portal/item/review-copyright-permissions/#posting,"Credit line: © XXXX [year] Optica Publishing Group. One print or electronic copy may be made for personal use only. Systematic reproduction and distribution, duplication of any material in this paper for a fee or for commercial purposes, or modifications of the content of this paper are prohibited.",02.08.2024
Peter Lang,Buchbeitrag,04A - Beitrag Sammelband,Accepted,12,Months,,https://www.peterlang.com/de/repository-policy/,One chapter per book. No textbooks.,02.08.2024
Peter Lang eBooks,Buchbeitrag,04A - Beitrag Sammelband,Accepted,12,Months,,https://www.peterlang.com/de/repository-policy/,One chapter per book. No textbooks.,18.06.2025
Peter Lang Verlag eBooks,Buchbeitrag,04A - Beitrag Sammelband,Accepted,12,Months,,https://www.peterlang.com/de/repository-policy/,One chapter per book. No textbooks.,18.06.2025
Peter Lang D,Buchbeitrag,04A - Beitrag Sammelband,Accepted,12,Months,,https://www.peterlang.com/de/repository-policy/,One chapter per book. No textbooks.,02.08.2024
Peter Lang D eBooks,Buchbeitrag,04A - Beitrag Sammelband,Accepted,12,Months,,https://www.peterlang.com/de/repository-policy/,One chapter per book. No textbooks.,18.06.2025
Peter Lang GmbH eBooks,Buchbeitrag,04A - Beitrag Sammelband,Accepted,12,Months,,https://www.peterlang.com/de/repository-policy/,One chapter per book. No textbooks.,18.06.2025
Peter Lang CH eBooks,Buchbeitrag,04A - Beitrag Sammelband,Accepted,12,Months,,https://www.peterlang.com/de/repository-policy/,One chapter per book. No textbooks.,18.06.2025
Peter Lang AG eBooks,Buchbeitrag,04A - Beitrag Sammelband,Accepted,12,Months,,https://www.peterlang.com/de/repository-policy/,One chapter per book. No textbooks.,18.06.2025
Peter Lang Publishing eBooks,Buchbeitrag,04A - Beitrag Sammelband,Accepted,12,Months,,https://www.peterlang.com/de/repository-policy/,One chapter per book. No textbooks.,18.06.2025
Peter Lang Publishing Group eBooks,Buchbeitrag,04A - Beitrag Sammelband,Accepted,12,Months,,https://www.peterlang.com/de/repository-policy/,One chapter per book. No textbooks.,18.06.2025
Peter Lang Publishing Inc. eBooks,Buchbeitrag,04A - Beitrag Sammelband,Accepted,12,Months,,https://www.peterlang.com/de/repository-policy/,One chapter per book. No textbooks.,18.06.2025
Peter Lang New York,Buchbeitrag,04A - Beitrag Sammelband,Accepted,12,Months,,https://www.peterlang.com/de/repository-policy/,One chapter per book. No textbooks.,18.06.2025
Peter Lang International Academic Publishers eBooks,Buchbeitrag,04A - Beitrag Sammelband,Accepted,12,Months,,https://www.peterlang.com/de/repository-policy/,One chapter per book. No textbooks.,18.06.2025
Routledge,Buchbeitrag,04A - Beitrag Sammelband,Accepted,12,Months,CC BY-NC-ND,https://www.routledge.com/our-products/open-access-books/publishing-oa-books/chapters,"One chapter per author. Credit line: This is an Accepted Manuscript of a book chapter published by Routledge/CRC Press in [BOOK TITLE] on [date of publication], available online: http://www.routledge.com/[BOOK ISBN URL] or http://www.crcpress.com/[BOOK ISBN URL]. 12 months embargo for STEM-fields.",02.08.2024
Routledge eBooks,Buchbeitrag,04A - Beitrag Sammelband,Accepted,18,Months,CC BY-NC-ND,https://www.routledge.com/our-products/open-access-books/publishing-oa-books/chapters,"One chapter per author. Credit line: This is an Accepted Manuscript of a book chapter published by Routledge/CRC Press in [BOOK TITLE] on [date of publication], available online: http://www.routledge.com/[BOOK ISBN URL] or http://www.crcpress.com/[BOOK ISBN URL]. 12 months embargo for STEM-fields.",18.06.2025
"Routledge, Taylor & Francis Group",Buchbeitrag,04A - Beitrag Sammelband,Accepted,18,Months,CC BY-NC-ND,https://www.routledge.com/our-products/open-access-books/publishing-oa-books/chapters,"One chapter per author. Credit line: This is an Accepted Manuscript of a book chapter published by Routledge/CRC Press in [BOOK TITLE] on [date of publication], available online: http://www.routledge.com/[BOOK ISBN URL] or http://www.crcpress.com/[BOOK ISBN URL]. 12 months embargo for STEM-fields.",18.06.2025
Routledge India,Buchbeitrag,04A - Beitrag Sammelband,Accepted,18,Months,CC BY-NC-ND,https://www.routledge.com/our-products/open-access-books/publishing-oa-books/chapters,"One chapter per author. Credit line: This is an Accepted Manuscript of a book chapter published by Routledge/CRC Press in [BOOK TITLE] on [date of publication], available online: http://www.routledge.com/[BOOK ISBN URL] or http://www.crcpress.com/[BOOK ISBN URL]. 12 months embargo for STEM-fields.",02.08.2024
Routledge-Cavendish,Buchbeitrag,04A - Beitrag Sammelband,Accepted,18,Months,CC BY-NC-ND,https://www.routledge.com/our-products/open-access-books/publishing-oa-books/chapters,"One chapter per author. Credit line: This is an Accepted Manuscript of a book chapter published by Routledge/CRC Press in [BOOK TITLE] on [date of publication], available online: http://www.routledge.com/[BOOK ISBN URL] or http://www.crcpress.com/[BOOK ISBN URL]. 12 months embargo for STEM-fields.",02.08.2024
Taylor & Francis,Buchbeitrag,04A - Beitrag Sammelband,Accepted,18,Months,CC BY-NC-ND,https://www.routledge.com/our-products/open-access-books/publishing-oa-books/chapters,"One chapter per author. Credit line: This is an Accepted Manuscript of a book chapter published by Routledge/CRC Press in [BOOK TITLE] on [date of publication], available online: http://www.routledge.com/[BOOK ISBN URL] or http://www.crcpress.com/[BOOK ISBN URL]. 12 months embargo for STEM-fields.",02.08.2024
Taylor & Francis eBooks,Buchbeitrag,04A - Beitrag Sammelband,Accepted,18,Months,CC BY-NC-ND,https://www.routledge.com/our-products/open-access-books/publishing-oa-books/chapters,"One chapter per author. Credit line: This is an Accepted Manuscript of a book chapter published by Routledge/CRC Press in [BOOK TITLE] on [date of publication], available online: http://www.routledge.com/[BOOK ISBN URL] or http://www.crcpress.com/[BOOK ISBN URL]. 12 months embargo for STEM-fields.",18.06.2025
Taylor & Francis Group eBooks,Buchbeitrag,04A - Beitrag Sammelband,Accepted,18,Months,CC BY-NC-ND,https://www.routledge.com/our-products/open-access-books/publishing-oa-books/chapters,"One chapter per author. Credit line: This is an Accepted Manuscript of a book chapter published by Routledge/CRC Press in [BOOK TITLE] on [date of publication], available online: http://www.routledge.com/[BOOK ISBN URL] or http://www.crcpress.com/[BOOK ISBN URL]. 12 months embargo for STEM-fields.",18.06.2025
Taylor & Francis Ltd eBooks,Buchbeitrag,04A - Beitrag Sammelband,Accepted,18,Months,CC BY-NC-ND,https://www.routledge.com/our-products/open-access-books/publishing-oa-books/chapters,"One chapter per author. Credit line: This is an Accepted Manuscript of a book chapter published by Routledge/CRC Press in [BOOK TITLE] on [date of publication], available online: http://www.routledge.com/[BOOK ISBN URL] or http://www.crcpress.com/[BOOK ISBN URL]. 12 months embargo for STEM-fields.",18.06.2025
"Taylor & Francis, Inc. eBooks",Buchbeitrag,04A - Beitrag Sammelband,Accepted,18,Months,CC BY-NC-ND,https://www.routledge.com/our-products/open-access-books/publishing-oa-books/chapters,"One chapter per author. Credit line: This is an Accepted Manuscript of a book chapter published by Routledge/CRC Press in [BOOK TITLE] on [date of publication], available online: http://www.routledge.com/[BOOK ISBN URL] or http://www.crcpress.com/[BOOK ISBN URL]. 12 months embargo for STEM-fields.",18.06.2025
Taylor and Francis,Buchbeitrag,04A - Beitrag Sammelband,Accepted,18,Months,CC BY-NC-ND,https://www.routledge.com/our-products/open-access-books/publishing-oa-books/chapters,"One chapter per author. Credit line: This is an Accepted Manuscript of a book chapter published by Routledge/CRC Press in [BOOK TITLE] on [date of publication], available online: http://www.routledge.com/[BOOK ISBN URL] or http://www.crcpress.com/[BOOK ISBN URL]. 12 months embargo for STEM-fields.",18.06.2025
Taylor and Francis eBooks,Buchbeitrag,04A - Beitrag Sammelband,Accepted,18,Months,CC BY-NC-ND,https://www.routledge.com/our-products/open-access-books/publishing-oa-books/chapters,"One chapter per author. Credit line: This is an Accepted Manuscript of a book chapter published by Routledge/CRC Press in [BOOK TITLE] on [date of publication], available online: http://www.routledge.com/[BOOK ISBN URL] or http://www.crcpress.com/[BOOK ISBN URL]. 12 months embargo for STEM-fields.",18.06.2025
SPIE,Konferenz: Paper,04B - Beitrag Konferenzschrift,Published,0,Months,,https://www.spiedigitallibrary.org/article-sharing-policies,"Copyright XXXX (year) Society of Photo‑Optical Instrumentation Engineers (SPIE). One print or electronic copy may be made for personal use only. Systematic reproduction and distribution, duplication of any material in this publication for a fee or for commercial purposes, and modification of the contents of the publication are prohibited.",02.08.2024
SPIE-Intl Soc Optical Eng,Konferenz: Paper,04B - Beitrag Konferenzschrift,Published,0,Months,,https://www.spiedigitallibrary.org/article-sharing-policies,"Copyright XXXX (year) Society of Photo‑Optical Instrumentation Engineers (SPIE). One print or electronic copy may be made for personal use only. Systematic reproduction and distribution, duplication of any material in this publication for a fee or for commercial purposes, and modification of the contents of the publication are prohibited.",02.08.2024
transcript,Buchbeitrag,04A - Beitrag Sammelband,Published,12,Months,,https://www.transcript-verlag.de/selbstarchivierungsrechte-repository-policy,"Credit line: Name, Vorname: Kapitel, in: Vorname Name (Hg.), Titel der Aufsatzsammlung, Seitenangabe. © transcript Verlag (Erscheinungsjahr) und Verlinkung der Fassung beim Verlag.",02.08.2024
transcript Verlag,Buchbeitrag,04A - Beitrag Sammelband,Published,12,Months,,https://www.transcript-verlag.de/selbstarchivierungsrechte-repository-policy,"Credit line: Name, Vorname: Kapitel, in: Vorname Name (Hg.), Titel der Aufsatzsammlung, Seitenangabe. © transcript Verlag (Erscheinungsjahr) und Verlinkung der Fassung beim Verlag.",02.08.2024
transcript Verlag eBooks,Buchbeitrag,04A - Beitrag Sammelband,Published,12,Months,,https://www.transcript-verlag.de/selbstarchivierungsrechte-repository-policy,"Credit line: Name, Vorname: Kapitel, in: Vorname Name (Hg.), Titel der Aufsatzsammlung, Seitenangabe. © transcript Verlag (Erscheinungsjahr) und Verlinkung der Fassung beim Verlag.",18.06.2025
Bloomsbury,Buchbeitrag,04A - Beitrag Sammelband,Published,6,Months,,https://www.bloomsbury.com/uk/discover/bloomsbury-academic/open-access/self-archiving-policy/,One chapter per book. Ahead of archiving your chapter please ensure that you have completed and returned this form to claire.weatherhead@bloomsbury.com.,02.08.2024
Bloomsbury eBooks,Buchbeitrag,04A - Beitrag Sammelband,Published,6,Months,,https://www.bloomsbury.com/uk/discover/bloomsbury-academic/open-access/self-archiving-policy/,One chapter per book. Ahead of archiving your chapter please ensure that you have completed and returned this form to claire.weatherhead@bloomsbury.com.,18.06.2025
Bloomsbury Publishing,Buchbeitrag,04A - Beitrag Sammelband,Published,6,Months,,https://www.bloomsbury.com/uk/discover/bloomsbury-academic/open-access/self-archiving-policy/,One chapter per book. Ahead of archiving your chapter please ensure that you have completed and returned this form to claire.weatherhead@bloomsbury.com.,02.08.2024
Bloomsbury Publishing eBooks,Buchbeitrag,04A - Beitrag Sammelband,Published,6,Months,,https://www.bloomsbury.com/uk/discover/bloomsbury-academic/open-access/self-archiving-policy/,One chapter per book. Ahead of archiving your chapter please ensure that you have completed and returned this form to claire.weatherhead@bloomsbury.com.,18.06.2025
Bloomsbury Publishing Inc,Buchbeitrag,04A - Beitrag Sammelband,Published,6,Months,,https://www.bloomsbury.com/uk/discover/bloomsbury-academic/open-access/self-archiving-policy/,One chapter per book. Ahead of archiving your chapter please ensure that you have completed and returned this form to claire.weatherhead@bloomsbury.com.,02.08.2024
Bloomsbury Publishing Plc,Buchbeitrag,04A - Beitrag Sammelband,Published,6,Months,,https://www.bloomsbury.com/uk/discover/bloomsbury-academic/open-access/self-archiving-policy/,One chapter per book. Ahead of archiving your chapter please ensure that you have completed and returned this form to claire.weatherhead@bloomsbury.com.,02.08.2024
Bloomsbury Publishing Plc eBooks,Buchbeitrag,04A - Beitrag Sammelband,Published,6,Months,,https://www.bloomsbury.com/uk/discover/bloomsbury-academic/open-access/self-archiving-policy/,One chapter per book. Ahead of archiving your chapter please ensure that you have completed and returned this form to claire.weatherhead@bloomsbury.com.,18.06.2025
Bloomsbury Academic,Buchbeitrag,04A - Beitrag Sammelband,Published,6,Months,,https://www.bloomsbury.com/uk/discover/bloomsbury-academic/open-access/self-archiving-policy/,One chapter per book. Ahead of archiving your chapter please ensure that you have completed and returned this form to claire.weatherhead@bloomsbury.com.,02.08.2024
Bloomsbury Academic eBooks,Buchbeitrag,04A - Beitrag Sammelband,Published,6,Months,,https://www.bloomsbury.com/uk/discover/bloomsbury-academic/open-access/self-archiving-policy/,One chapter per book. Ahead of archiving your chapter please ensure that you have completed and returned this form to claire.weatherhead@bloomsbury.com.,18.06.2025
Cambridge University Press,Buchbeitrag,04A - Beitrag Sammelband,Accepted,6,Months,,https://www.cambridge.org/core/services/open-access-policies/open-access-books/green-open-access-policy-for-books,"One chapter per author. Credit line: This material has been accepted for publication by Cambridge University Press, and a revised form will be published in [Title] by/edited by [Author / Editor] [http://doi.org/XXX, if available]. This version is free to view and download for private research and study only. Not for re-distribution or re-use. © copyright holder.",02.08.2024
Cambridge University Press eBooks,Buchbeitrag,04A - Beitrag Sammelband,Accepted,6,Months,,https://www.cambridge.org/core/services/open-access-policies/open-access-books/green-open-access-policy-for-books,"One chapter per author. Credit line: This material has been accepted for publication by Cambridge University Press, and a revised form will be published in [Title] by/edited by [Author / Editor] [http://doi.org/XXX, if available]. This version is free to view and download for private research and study only. Not for re-distribution or re-use. © copyright holder.",18.06.2025
Cambridge University Press (CUP),Buchbeitrag,04A - Beitrag Sammelband,Accepted,6,Months,,https://www.cambridge.org/core/services/open-access-policies/open-access-books/green-open-access-policy-for-books,"One chapter per author. Credit line: This material has been accepted for publication by Cambridge University Press, and a revised form will be published in [Title] by/edited by [Author / Editor] [http://doi.org/XXX, if available]. This version is free to view and download for private research and study only. Not for re-distribution or re-use. © copyright holder.",02.08.2024
De Gruyter,Buchbeitrag,04A - Beitrag Sammelband,Accepted,0,Months,,https://www.degruyter.com/publishing/services/rechte-lizenzen/repositorypolicy,Quellenangabe und Verlinkung zur Verlagsseite,02.08.2024
De Gruyter eBooks,Buchbeitrag,04A - Beitrag Sammelband,Accepted,0,Months,,https://www.degruyter.com/publishing/services/rechte-lizenzen/repositorypolicy,Quellenangabe und Verlinkung zur Verlagsseite,18.06.2025
Walter de Gruyter GmbH,Buchbeitrag,04A - Beitrag Sammelband,Accepted,0,Months,,https://www.degruyter.com/publishing/services/rechte-lizenzen/repositorypolicy,Quellenangabe und Verlinkung zur Verlagsseite,02.08.2024
DE GRUYTER,Buchbeitrag,04A - Beitrag Sammelband,Accepted,0,Months,,https://www.degruyter.com/publishing/services/rechte-lizenzen/repositorypolicy,Quellenangabe und Verlinkung zur Verlagsseite,02.08.2024
DE GRUYTER SAUR,Buchbeitrag,04A - Beitrag Sammelband,Accepted,0,Months,,https://www.degruyter.com/publishing/services/rechte-lizenzen/repositorypolicy,Quellenangabe und Verlinkung zur Verlagsseite,02.08.2024
K. G. Saur eBooks,Buchbeitrag,04A - Beitrag Sammelband,Accepted,0,Months,,https://www.degruyter.com/publishing/services/rechte-lizenzen/repositorypolicy,Quellenangabe und Verlinkung zur Verlagsseite,18.06.2025
DE GRUYTER MOUTON,Buchbeitrag,04A - Beitrag Sammelband,Accepted,0,Months,,https://www.degruyter.com/publishing/services/rechte-lizenzen/repositorypolicy,Quellenangabe und Verlinkung zur Verlagsseite,02.08.2024
Mouton eBooks,Buchbeitrag,04A - Beitrag Sammelband,Accepted,0,Months,,https://www.degruyter.com/publishing/services/rechte-lizenzen/repositorypolicy,Quellenangabe und Verlinkung zur Verlagsseite,18.06.2025
Walter de Gruyter,Buchbeitrag,04A - Beitrag Sammelband,Accepted,0,Months,,https://www.degruyter.com/publishing/services/rechte-lizenzen/repositorypolicy,Quellenangabe und Verlinkung zur Verlagsseite,02.08.2024
Birkhäuser,Buchbeitrag,04A - Beitrag Sammelband,Accepted,0,Months,,https://www.degruyter.com/publishing/services/rechte-lizenzen/repositorypolicy,Quellenangabe und Verlinkung zur Verlagsseite,02.08.2024
Birkhäuser Basel,Buchbeitrag,04A - Beitrag Sammelband,Accepted,0,Months,,https://www.degruyter.com/publishing/services/rechte-lizenzen/repositorypolicy,Quellenangabe und Verlinkung zur Verlagsseite,02.08.2024
Birkhäuser Basel eBooks,Buchbeitrag,04A - Beitrag Sammelband,Accepted,0,Months,,https://www.degruyter.com/publishing/services/rechte-lizenzen/repositorypolicy,Quellenangabe und Verlinkung zur Verlagsseite,18.06.2025
Birkhäuser Boston,Buchbeitrag,04A - Beitrag Sammelband,Accepted,0,Months,,https://www.degruyter.com/publishing/services/rechte-lizenzen/repositorypolicy,Quellenangabe und Verlinkung zur Verlagsseite,02.08.2024
Edward Elgar Publishing,Buchbeitrag,04A - Beitrag Sammelband,Accepted,12,Months,CC BY-NC-ND,https://www.e-elgar.com/author-hub/reuse-of-your-work/,"One chapter per author. Credit line: This is a draft chapter/article. The final version is available in [insert book title] edited by [insert editor(s) or author(s)], published in 20xx, Edward Elgar Publishing Ltd
http://dx.doi.org/10.4337/978XXXXXXXXXX.000XX
It is deposited under the terms of the Creative Commons Attribution-NonCommercial-NoDerivatives License (http://creativecommons.org/licenses/by-nc-nd/4.0/), which permits non-commercial re-use, distribution, and reproduction in any medium, provided the original work is properly cited, and is not altered, transformed, or built upon in any way.",02.08.2024
Edward Elgar Publishing eBooks,Buchbeitrag,04A - Beitrag Sammelband,Accepted,12,Months,CC BY-NC-ND,https://www.e-elgar.com/author-hub/reuse-of-your-work/,"One chapter per author. Credit line: This is a draft chapter/article. The final version is available in [insert book title] edited by [insert editor(s) or author(s)], published in 20xx, Edward Elgar Publishing Ltd
http://dx.doi.org/10.4337/978XXXXXXXXXX.000XX
It is deposited under the terms of the Creative Commons Attribution-NonCommercial-NoDerivatives License (http://creativecommons.org/licenses/by-nc-nd/4.0/), which permits non-commercial re-use, distribution, and reproduction in any medium, provided the original work is properly cited, and is not altered, transformed, or built upon in any way.",18.06.2025
Emerald,Buchbeitrag,04A - Beitrag Sammelband,Accepted,0,Months,CC BY-NC,https://www.emeraldgrouppublishing.com/publish-with-us/author-policies/author-rights#deposit,"Credit line: Zitation (Werk, Verlag, Jahr) und Lizenzangabe: This author accepted manuscript is deposited under a Creative Commons Attribution Non-commercial 4.0 International (CC BY-NC) licence.",02.08.2024
Emerald Publishing Limited,Buchbeitrag,04A - Beitrag Sammelband,Accepted,0,Months,CC BY-NC,https://www.emeraldgrouppublishing.com/publish-with-us/author-policies/author-rights#deposit,"Credit line: Zitation (Werk, Verlag, Jahr) und Lizenzangabe: This author accepted manuscript is deposited under a Creative Commons Attribution Non-commercial 4.0 International (CC BY-NC) licence.",02.08.2024
Emerald Publishing Limited eBooks,Buchbeitrag,04A - Beitrag Sammelband,Accepted,0,Months,CC BY-NC,https://www.emeraldgrouppublishing.com/publish-with-us/author-policies/author-rights#deposit,"Credit line: Zitation (Werk, Verlag, Jahr) und Lizenzangabe: This author accepted manuscript is deposited under a Creative Commons Attribution Non-commercial 4.0 International (CC BY-NC) licence.",18.06.2025
Emerald Group Publishing Limited,Buchbeitrag,04A - Beitrag Sammelband,Accepted,0,Months,CC BY-NC,https://www.emeraldgrouppublishing.com/publish-with-us/author-policies/author-rights#deposit,"Credit line: Zitation (Werk, Verlag, Jahr) und Lizenzangabe: This author accepted manuscript is deposited under a Creative Commons Attribution Non-commercial 4.0 International (CC BY-NC) licence.",02.08.2024
Franz Steiner,Buchbeitrag,04A - Beitrag Sammelband,Published,12,Months,,https://www.steiner-verlag.de/Service/Fuer-Publizierende/Selbstarchivierung/,Verweis auf Erstveröffentlichung,02.08.2024
Franz Steiner Verlag eBooks,Buchbeitrag,04A - Beitrag Sammelband,Published,12,Months,,https://www.steiner-verlag.de/Service/Fuer-Publizierende/Selbstarchivierung/,Verweis auf Erstveröffentlichung,18.06.2025
Springer,Konferenz: Paper,04B - Beitrag Konferenzschrift,Accepted,12,Months,,https://www.springernature.com/gp/open-research/policies/book-policies#c23218974,One paper per proceedings.,02.08.2024
Springer eBooks,Konferenz: Paper,04B - Beitrag Konferenzschrift,Accepted,12,Months,,https://www.springernature.com/gp/open-research/policies/book-policies#c23218974,One paper per proceedings.,18.06.2025
Springer Science and Business Media LLC,Konferenz: Paper,04B - Beitrag Konferenzschrift,Accepted,12,Months,,https://www.springernature.com/gp/open-research/policies/book-policies#c23218974,One paper per proceedings.,02.08.2024
Springer Berlin Heidelberg,Konferenz: Paper,04B - Beitrag Konferenzschrift,Accepted,12,Months,,https://www.springernature.com/gp/open-research/policies/book-policies#c23218974,One paper per proceedings.,02.08.2024
Springer International Publishing,Konferenz: Paper,04B - Beitrag Konferenzschrift,Accepted,12,Months,,https://www.springernature.com/gp/open-research/policies/book-policies#c23218974,One paper per proceedings.,02.08.2024
Springer Netherlands,Konferenz: Paper,04B - Beitrag Konferenzschrift,Accepted,12,Months,,https://www.springernature.com/gp/open-research/policies/book-policies#c23218974,One paper per proceedings.,02.08.2024
Springer US,Konferenz: Paper,04B - Beitrag Konferenzschrift,Accepted,12,Months,,https://www.springernature.com/gp/open-research/policies/book-policies#c23218974,One paper per proceedings.,02.08.2024
Springer New York,Konferenz: Paper,04B - Beitrag Konferenzschrift,Accepted,12,Months,,https://www.springernature.com/gp/open-research/policies/book-policies#c23218974,One paper per proceedings.,02.08.2024
Springer Fachmedien Wiesbaden,Konferenz: Paper,04B - Beitrag Konferenzschrift,Accepted,12,Months,,https://www.springernature.com/gp/open-research/policies/book-policies#c23218974,One paper per proceedings.,02.08.2024
Springer Nature,Konferenz: Paper,04B - Beitrag Konferenzschrift,Accepted,12,Months,,https://www.springernature.com/gp/open-research/policies/book-policies#c23218974,One paper per proceedings.,18.06.2025
Springer Nature Singapore,Konferenz: Paper,04B - Beitrag Konferenzschrift,Accepted,12,Months,,https://www.springernature.com/gp/open-research/policies/book-policies#c23218974,One paper per proceedings.,02.08.2024
Springer Nature Switzerland,Konferenz: Paper,04B - Beitrag Konferenzschrift,Accepted,12,Months,,https://www.springernature.com/gp/open-research/policies/book-policies#c23218974,One paper per proceedings.,02.08.2024
Springer Singapore,Konferenz: Paper,04B - Beitrag Konferenzschrift,Accepted,12,Months,,https://www.springernature.com/gp/open-research/policies/book-policies#c23218974,One paper per proceedings.,02.08.2024
Springer-Verlag,Konferenz: Paper,04B - Beitrag Konferenzschrift,Accepted,12,Months,,https://www.springernature.com/gp/open-research/policies/book-policies#c23218974,One paper per proceedings.,02.08.2024
Springer Vienna,Konferenz: Paper,04B - Beitrag Konferenzschrift,Accepted,12,Months,,https://www.springernature.com/gp/open-research/policies/book-policies#c23218974,One paper per proceedings.,02.08.2024
Springer London,Konferenz: Paper,04B - Beitrag Konferenzschrift,Accepted,12,Months,,https://www.springernature.com/gp/open-research/policies/book-policies#c23218974,One paper per proceedings.,02.08.2024
Springer Publishing Company,Konferenz: Paper,04B - Beitrag Konferenzschrift,Accepted,12,Months,,https://www.springernature.com/gp/open-research/policies/book-policies#c23218974,One paper per proceedings.,02.08.2024
Springer Japan,Konferenz: Paper,04B - Beitrag Konferenzschrift,Accepted,12,Months,,https://www.springernature.com/gp/open-research/policies/book-policies#c23218974,One paper per proceedings.,02.08.2024
Springer Milan,Konferenz: Paper,04B - Beitrag Konferenzschrift,Accepted,12,Months,,https://www.springernature.com/gp/open-research/policies/book-policies#c23218974,One paper per proceedings.,02.08.2024
Springer Fachmedien Wiesbaden GmbH,Konferenz: Paper,04B - Beitrag Konferenzschrift,Accepted,12,Months,,https://www.springernature.com/gp/open-research/policies/book-policies#c23218974,One paper per proceedings.,02.08.2024
Springer India,Konferenz: Paper,04B - Beitrag Konferenzschrift,Accepted,12,Months,,https://www.springernature.com/gp/open-research/policies/book-policies#c23218974,One paper per proceedings.,02.08.2024
Springer,Buchbeitrag,04A - Beitrag Sammelband,Accepted,12,Months,,https://www.springernature.com/gp/open-research/policies/book-policies#c23218974,One chapter per book.,02.08.2024
Springer eBooks,Buchbeitrag,04A - Beitrag Sammelband,Accepted,12,Months,,https://www.springernature.com/gp/open-research/policies/book-policies#c23218974,One chapter per book.,02.08.2024
Springer Science and Business Media LLC,Buchbeitrag,04A - Beitrag Sammelband,Accepted,12,Months,,https://www.springernature.com/gp/open-research/policies/book-policies#c23218974,One chapter per book.,02.08.2024
Springer Berlin Heidelberg,Buchbeitrag,04A - Beitrag Sammelband,Accepted,12,Months,,https://www.springernature.com/gp/open-research/policies/book-policies#c23218974,One chapter per book.,02.08.2024
Springer International Publishing,Buchbeitrag,04A - Beitrag Sammelband,Accepted,12,Months,,https://www.springernature.com/gp/open-research/policies/book-policies#c23218974,One chapter per book.,02.08.2024
Springer Netherlands,Buchbeitrag,04A - Beitrag Sammelband,Accepted,12,Months,,https://www.springernature.com/gp/open-research/policies/book-policies#c23218974,One chapter per book.,02.08.2024
Springer US,Buchbeitrag,04A - Beitrag Sammelband,Accepted,12,Months,,https://www.springernature.com/gp/open-research/policies/book-policies#c23218974,One chapter per book.,02.08.2024
Springer New York,Buchbeitrag,04A - Beitrag Sammelband,Accepted,12,Months,,https://www.springernature.com/gp/open-research/policies/book-policies#c23218974,One chapter per book.,02.08.2024
Springer Fachmedien Wiesbaden,Buchbeitrag,04A - Beitrag Sammelband,Accepted,12,Months,,https://www.springernature.com/gp/open-research/policies/book-policies#c23218974,One chapter per book.,02.08.2024
Springer Nature,Buchbeitrag,04A - Beitrag Sammelband,Accepted,12,Months,,https://www.springernature.com/gp/open-research/policies/book-policies#c23218974,One chapter per book.,18.06.2025
Springer Nature Singapore,Buchbeitrag,04A - Beitrag Sammelband,Accepted,12,Months,,https://www.springernature.com/gp/open-research/policies/book-policies#c23218974,One chapter per book.,02.08.2024
Springer Nature Switzerland,Buchbeitrag,04A - Beitrag Sammelband,Accepted,12,Months,,https://www.springernature.com/gp/open-research/policies/book-policies#c23218974,One chapter per book.,02.08.2024
Springer Singapore,Buchbeitrag,04A - Beitrag Sammelband,Accepted,12,Months,,https://www.springernature.com/gp/open-research/policies/book-policies#c23218974,One chapter per book.,02.08.2024
Springer-Verlag,Buchbeitrag,04A - Beitrag Sammelband,Accepted,12,Months,,https://www.springernature.com/gp/open-research/policies/book-policies#c23218974,One chapter per book.,02.08.2024
Springer Vienna,Buchbeitrag,04A - Beitrag Sammelband,Accepted,12,Months,,https://www.springernature.com/gp/open-research/policies/book-policies#c23218974,One chapter per book.,02.08.2024
Springer London,Buchbeitrag,04A - Beitrag Sammelband,Accepted,12,Months,,https://www.springernature.com/gp/open-research/policies/book-policies#c23218974,One chapter per book.,02.08.2024
Springer Publishing Company,Buchbeitrag,04A - Beitrag Sammelband,Accepted,12,Months,,https://www.springernature.com/gp/open-research/policies/book-policies#c23218974,One chapter per book.,02.08.2024
Springer Japan,Buchbeitrag,04A - Beitrag Sammelband,Accepted,12,Months,,https://www.springernature.com/gp/open-research/policies/book-policies#c23218974,One chapter per book.,02.08.2024
Springer Milan,Buchbeitrag,04A - Beitrag Sammelband,Accepted,12,Months,,https://www.springernature.com/gp/open-research/policies/book-policies#c23218974,One chapter per book.,02.08.2024
Springer Fachmedien Wiesbaden GmbH,Buchbeitrag,04A - Beitrag Sammelband,Accepted,12,Months,,https://www.springernature.com/gp/open-research/policies/book-policies#c23218974,One chapter per book.,02.08.2024
Springer India,Buchbeitrag,04A - Beitrag Sammelband,Accepted,12,Months,,https://www.springernature.com/gp/open-research/policies/book-policies#c23218974,One chapter per book. Imprint von Springer.,02.08.2024
Apress,Buchbeitrag,04A - Beitrag Sammelband,Accepted,12,Months,,https://www.springernature.com/gp/open-research/policies/book-policies#c23218974,One chapter per book. Imprint von Springer.,02.08.2024
Apress eBooks,Buchbeitrag,04A - Beitrag Sammelband,Accepted,12,Months,,https://www.springernature.com/gp/open-research/policies/book-policies#c23218974,One chapter per book. Imprint von Springer.,18.06.2025
Humana Press,Buchbeitrag,04A - Beitrag Sammelband,Accepted,12,Months,,https://www.springernature.com/gp/open-research/policies/book-policies#c23218974,One chapter per book. Imprint von Springer.,02.08.2024
Humana Press eBooks,Buchbeitrag,04A - Beitrag Sammelband,Accepted,12,Months,,https://www.springernature.com/gp/open-research/policies/book-policies#c23218974,One chapter per book. Imprint von Springer.,18.06.2025
Gabler Verlag,Buchbeitrag,04A - Beitrag Sammelband,Accepted,12,Months,,https://www.springernature.com/gp/open-research/policies/book-policies#c23218974,One chapter per book. Imprint von Springer.,02.08.2024
Gabler,Buchbeitrag,04A - Beitrag Sammelband,Accepted,12,Months,,https://www.springernature.com/gp/open-research/policies/book-policies#c23218974,One chapter per book. Imprint von Springer.,02.08.2024
Gabler Verlag eBooks,Buchbeitrag,04A - Beitrag Sammelband,Accepted,12,Months,,https://www.springernature.com/gp/open-research/policies/book-policies#c23218974,One chapter per book. Imprint von Springer.,18.06.2025
VS Verlag für Sozialwissenschaften,Buchbeitrag,04A - Beitrag Sammelband,Accepted,12,Months,,https://www.springernature.com/gp/open-research/policies/book-policies#c23218974,One chapter per book. Imprint von Springer.,02.08.2024
VS Verlag für Sozialwissenschaften eBooks,Buchbeitrag,04A - Beitrag Sammelband,Accepted,12,Months,,https://www.springernature.com/gp/open-research/policies/book-policies#c23218974,One chapter per book. Imprint von Springer.,18.06.2025
Vieweg+Teubner,Buchbeitrag,04A - Beitrag Sammelband,Accepted,12,Months,,https://www.springernature.com/gp/open-research/policies/book-policies#c23218974,One chapter per book. Imprint von Springer.,02.08.2024
Vieweg+Teubner Verlag,Buchbeitrag,04A - Beitrag Sammelband,Accepted,12,Months,,https://www.springernature.com/gp/open-research/policies/book-policies#c23218974,One chapter per book.,02.08.2024
Vieweg+Teubner eBooks,Buchbeitrag,04A - Beitrag Sammelband,Accepted,12,Months,,https://www.springernature.com/gp/open-research/policies/book-policies#c23218974,One chapter per book.,18.06.2025
Palgrave Macmillan,Buchbeitrag,04A - Beitrag Sammelband,Accepted,12,Months,,https://www.springernature.com/gp/open-research/policies/book-policies#c23218974,One chapter per book.,02.08.2024
Palgrave Macmillan eBooks,Buchbeitrag,04A - Beitrag Sammelband,Accepted,12,Months,,https://www.springernature.com/gp/open-research/policies/book-policies#c23218974,One chapter per book.,18.06.2025
Palgrave Macmillan Books,Buchbeitrag,04A - Beitrag Sammelband,Accepted,12,Months,,https://www.springernature.com/gp/open-research/policies/book-policies#c23218974,One chapter per book.,18.06.2025
Palgrave Macmillan Ltd eBooks,Buchbeitrag,04A - Beitrag Sammelband,Accepted,12,Months,,https://www.springernature.com/gp/open-research/policies/book-policies#c23218974,One chapter per book.,18.06.2025
Palgrave Macmillan Ltd.,Buchbeitrag,04A - Beitrag Sammelband,Accepted,12,Months,,https://www.springernature.com/gp/open-research/policies/book-policies#c23218974,One chapter per book.,18.06.2025
Palgrave Macmillan UK,Buchbeitrag,04A - Beitrag Sammelband,Accepted,12,Months,,https://www.springernature.com/gp/open-research/policies/book-policies#c23218974,One chapter per book.,02.08.2024
Palgrave Macmillan UK eBooks,Buchbeitrag,04A - Beitrag Sammelband,Accepted,12,Months,,https://www.springernature.com/gp/open-research/policies/book-policies#c23218974,One chapter per book.,18.06.2025
Palgrave Macmillan US,Buchbeitrag,04A - Beitrag Sammelband,Accepted,12,Months,,https://www.springernature.com/gp/open-research/policies/book-policies#c23218974,One chapter per book.,02.08.2024
Palgrave Macmillan US eBooks,Buchbeitrag,04A - Beitrag Sammelband,Accepted,12,Months,,https://www.springernature.com/gp/open-research/policies/book-policies#c23218974,One chapter per book.,18.06.2025
Waxmann,Buchbeitrag,04A - Beitrag Sammelband,Published,30,Months,,https://www.waxmann.com/open-access/,Quellenangabe und Verlinkung zur Verlagsseite,02.08.2024
Waxmann eBooks,Buchbeitrag,04A - Beitrag Sammelband,Published,30,Months,,https://www.waxmann.com/open-access/,Quellenangabe und Verlinkung zur Verlagsseite,18.06.2025
Harrassowitz,Buchbeitrag,04A - Beitrag Sammelband,Published,12,Months,,https://www.harrassowitz-verlag.de/DEU/selbstarchivierung.ahtml,Quellenangabe. Rechte von Abbildungen u.a. beachten.,02.08.2024
"Harrassowitz, O",Buchbeitrag,04A - Beitrag Sammelband,Published,12,Months,,https://www.harrassowitz-verlag.de/DEU/selbstarchivierung.ahtml,Quellenangabe. Rechte von Abbildungen u.a. beachten.,02.08.2024
Harrassowitz eBooks,Buchbeitrag,04A - Beitrag Sammelband,Published,12,Months,,https://www.harrassowitz-verlag.de/DEU/selbstarchivierung.ahtml,Quellenangabe. Rechte von Abbildungen u.a. beachten.,18.06.2025
Mohr Siebeck,Buchbeitrag,04A - Beitrag Sammelband,Published,24,Months,,https://www.mohrsiebeck.com/service/rechte-lizenzen,Quellenangabe. Nicht für Beiträge in Hand- und Lehrbüchern.,02.08.2024
Mohr Siebeck eBooks,Buchbeitrag,04A - Beitrag Sammelband,Published,24,Months,,https://www.mohrsiebeck.com/service/rechte-lizenzen,Quellenangabe. Nicht für Beiträge in Hand- und Lehrbüchern.,18.06.2025
Nomos,Buchbeitrag,04A - Beitrag Sammelband,Accepted,12,Months,,https://www.nomos.de/urheberrecht/,Quellenangabe und Verlinkung zur Verlagsseite,02.08.2024
Nomos eBooks,Buchbeitrag,04A - Beitrag Sammelband,Accepted,12,Months,,https://www.nomos.de/urheberrecht/,Quellenangabe und Verlinkung zur Verlagsseite,18.06.2025
Tectum – ein Verlag in der Nomos Verlagsgesellschaft,Buchbeitrag,04A - Beitrag Sammelband,Accepted,12,Months,,https://www.nomos.de/urheberrecht/,Quellenangabe und Verlinkung zur Verlagsseite,02.08.2024
Nomos Verlagsgesellschaft mbH & Co. KG,Buchbeitrag,04A - Beitrag Sammelband,Accepted,12,Months,,https://www.nomos.de/urheberrecht/,Quellenangabe und Verlinkung zur Verlagsseite,02.08.2024
Nomos Verlag,Buchbeitrag,04A - Beitrag Sammelband,Accepted,12,Months,,https://www.nomos.de/urheberrecht/,Quellenangabe und Verlinkung zur Verlagsseite,17.09.2024
AHFE International,Konferenz: Paper,04B - Beitrag Konferenzschrift,Published,0,Months,CC BY 4.0,https://openaccess.cms-conferences.org/access,,
